masterCategory,subCategory,articleType,count
Apparel,Topwear,Tshirts,7064
Apparel,Topwear,Shirts,3212
Footwear,Shoes,Casual Shoes,2845
Accessories,Watches,Watches,2542
Footwear,Shoes,Sports Shoes,2016
Apparel,Topwear,Kurtas,1844
Apparel,Topwear,Tops,1762
Accessories,Bags,Handbags,1757
Footwear,Shoes,Heels,1323
Accessories,Eyewear,Sunglasses,1073
Accessories,Wallets,Wallets,925
Footwear,Flip Flops,Flip Flops,913
Footwear,Sandal,Sandals,893
Apparel,Innerwear,Briefs,847
Accessories,Belts,Belts,810
Accessories,Bags,Backpacks,722
Accessories,Socks,Socks,686
Footwear,Shoes,Formal Shoes,637
Apparel,Bottomwear,Jeans,602
Personal Care,Fragrance,Perfume and Body Mist,597
Apparel,Bottomwear,Shorts,545
Apparel,Bottomwear,Trousers,530
Footwear,Shoes,Flats,500
Apparel,Innerwear,Bra,477
Apparel,Dress,Dresses,462
Apparel,Saree,Sarees,427
Accessories,Jewellery,Earrings,416
Personal Care,Fragrance,Deodorant,347
Apparel,Bottomwear,Track Pants,304
Accessories,Bags,Clutches,287
Apparel,Topwear,Sweatshirts,285
Accessories,Headwear,Caps,283
Personal Care,Nails,Nail Polish,278
Apparel,Topwear,Sweaters,277
Personal Care,Lips,Lipstick,260
Accessories,Ties,Ties,258
Apparel,Topwear,Jackets,258
Apparel,Innerwear,Innerwear Vests,242
Apparel,Topwear,Kurtis,234
Apparel,Topwear,Tunics,229
Apparel,Loungewear and Nightwear,Nightdress,188
Apparel,Bottomwear,Leggings,177
Accessories,Jewellery,Pendant,176
Apparel,Bottomwear,Capris,175
Accessories,Jewellery,Necklace and Chains,160
Apparel,Loungewear and Nightwear,Night suits,141
Apparel,Innerwear,Trunk,140
Apparel,Bottomwear,Skirts,128
Accessories,Scarves,Scarves,118
Accessories,Jewellery,Ring,118
Apparel,Topwear,Dupatta,116
Personal Care,Lips,Lip Gloss,109
Accessories,Cufflinks,Cufflinks,106
Accessories,Accessories,Accessory Gift Set,97
Apparel,Apparel Set,Kurta Sets,94
Free Items,Free Gifts,Free Gifts,91
Accessories,Stoles,Stoles,90
Accessories,Bags,Duffel Bag,88
Accessories,Jewellery,Bangle,85
Accessories,Bags,Laptop Bag,81
Personal Care,Makeup,Kajal and Eyeliner,78
Personal Care,Makeup,Foundation and Primer,69
Footwear,Sandal,Sports Sandals,67
Accessories,Jewellery,Bracelet,66
Apparel,Loungewear and Nightwear,Lounge Pants,61
Accessories,Jewellery,Jewellery Set,58
Personal Care,Fragrance,Fragrance Gift Set,57
Apparel,Innerwear,Boxers,52
Accessories,Bags,Mobile Pouch,47
Personal Care,Lips,Lip Liner,45
Apparel,Topwear,Suspenders,40
Personal Care,Skin,Face Moisturisers,40
Apparel,Innerwear,Camisoles,39
Personal Care,Makeup,Compact,39
Apparel,Bottomwear,Patiala,38
Personal Care,Makeup,Highlighter and Blush,38
Accessories,Mufflers,Mufflers,38
Accessories,Bags,Messenger Bag,34
Apparel,Loungewear and Nightwear,Lounge Shorts,34
Apparel,Bottomwear,Jeggings,34
Apparel,Bottomwear,Stockings,32
Apparel,Bottomwear,Salwar,32
Apparel,Bottomwear,Churidar,30
Apparel,Bottomwear,Tracksuits,29
Personal Care,Makeup,Eyeshadow,26
Accessories,Gloves,Gloves,20
Personal Care,Hair,Hair Colour,19
Accessories,Bags,Waist Pouch,17
Apparel,Loungewear and Nightwear,Bath Robe,17
Personal Care,Eyes,Kajal and Eyeliner,16
Personal Care,Skin Care,Face Wash and Cleanser,16
Apparel,Dress,Jumpsuit,16
Personal Care,Skin Care,Sunscreen,15
Accessories,Accessories,Travel Accessory,15
Apparel,Topwear,Waistcoat,15
Apparel,Loungewear and Nightwear,Baby Dolls,14
Apparel,Bottomwear,Swimwear,13
Sporting Goods,Sports Equipment,Basketballs,13
Apparel,Topwear,Rompers,12
Personal Care,Eyes,Mascara,12
Apparel,Socks,Booties,12
Personal Care,Makeup,Concealer,11
Accessories,Bags,Rucksacks,11
Accessories,Accessories,Messenger Bag,10
Apparel,Innerwear,Shapewear,9
Apparel,Bottomwear,Tights,9
Personal Care,Skin,Mask and Peel,9
Sporting Goods,Sports Equipment,Footballs,8
Apparel,Topwear,Blazers,8
Apparel,Apparel Set,Clothing Set,8
Accessories,Headwear,Headband,7
Personal Care,Skin Care,Face Moisturisers,7
Accessories,Water Bottle,Water Bottle,7
Apparel,Topwear,Rain Jacket,7
Apparel,Bottomwear,Salwar and Dupatta,7
Personal Care,Lips,Lip Care,7
Accessories,Umbrellas,Umbrellas,6
Personal Care,Bath and Body,Nail Essentials,6
Apparel,Topwear,Shrug,6
Personal Care,Eyes,Eyeshadow,6
Personal Care,Perfumes,Perfume and Body Mist,5
Apparel,Topwear,Nehru Jackets,5
Free Items,Free Gifts,Ties,5
Personal Care,Skin Care,Eye Cream,4
Personal Care,Lips,Lip Plumper,4
Sporting Goods,Wristbands,Wristbands,4
Apparel,Loungewear and Nightwear,Robe,4
Apparel,Topwear,Lehenga Choli,4
Accessories,Accessories,Water Bottle,4
Apparel,Apparel Set,Swimwear,4
Personal Care,Skin Care,Face Scrub and Exfoliator,3
Personal Care,Beauty Accessories,Beauty Accessory,3
Apparel,Topwear,Belts,3
Accessories,Bags,Tablet Sleeve,3
Accessories,Headwear,Hat,3
Accessories,Bags,Trolley Bag,3
Apparel,Loungewear and Nightwear,Lounge Tshirts,3
Accessories,Shoe Accessories,Shoe Accessories,3
Accessories,Sports Accessories,Wristbands,3
Apparel,Loungewear and Nightwear,Shorts,2
Personal Care,Bath and Body,Body Lotion,2
Accessories,Bags,Wallets,2
Accessories,Cufflinks,Ties and Cufflinks,2
Personal Care,Makeup,Makeup Remover,2
Apparel,Topwear,Dresses,2
Personal Care,Skin,Face Serum and Gel,2
Footwear,Shoes,Sandals,2
Free Items,Free Gifts,Backpacks,2
Free Items,Free Gifts,Handbags,2
Personal Care,Skin Care,Toner,2
Accessories,Accessories,Key chain,2
Accessories,Bags,Travel Accessory,1
Personal Care,Skin Care,Mask and Peel,1
Personal Care,Skin Care,Mens Grooming Kit,1
Accessories,Belts,Tshirts,1
Home,Home Furnishing,Cushion Covers,1
Personal Care,Skin,Face Scrub and Exfoliator,1
Personal Care,Skin,Body Lotion,1
Accessories,Perfumes,Perfume and Body Mist,1
Accessories,Accessories,Hair Accessory,1
Footwear,Sandal,Flip Flops,1
Free Items,Free Gifts,Clutches,1
Free Items,Free Gifts,Laptop Bag,1
Free Items,Free Gifts,Scarves,1
Free Items,Free Gifts,Wallets,1
Free Items,Vouchers,Ipad,1
Personal Care,Bath and Body,Body Wash and Scrub,1
Accessories,Shoe Accessories,Shoe Laces,1
