model,corruption,severity,accuracy,f1_macro,accuracy_drop,f1_drop
svm,clean,0.0,0.8661,0.8652306729599744,0.0,0.0
svm,noise,0.05,0.249,0.2676267798349502,0.6171,0.5976038931250242
svm,noise,0.1,0.1265,0.06931717966621431,0.7396,0.79591349329376
svm,noise,0.15,0.1028,0.02380382998597122,0.7633,0.8414268429740032
svm,noise,0.2,0.1001,0.01838492476790349,0.766,0.8468457481920708
svm,noise,0.3,0.1,0.01818181818181818,0.7661,0.8470488547781562
svm,rotation,5.0,0.799,0.7962171553138747,0.06709999999999994,0.06901351764609964
svm,rotation,10.0,0.6627,0.633759538725837,0.20340000000000003,0.23147113423413734
svm,rotation,20.0,0.5032,0.45726761053062087,0.3629,0.4079630624293535
svm,rotation,30.0,0.3731,0.30752113209157683,0.493,0.5577095408683975
svm,rotation,45.0,0.2546,0.1856231447742259,0.6114999999999999,0.6796075281857484
svm,blur,3.0,0.8309,0.8243591061939985,0.03520000000000001,0.04087156676597581
svm,blur,5.0,0.7902,0.7802062937796828,0.07589999999999997,0.0850243791802916
svm,blur,7.0,0.7179,0.7062105097449849,0.1482,0.15902016321498946
svm,blur,9.0,0.6301,0.6173476478745135,0.236,0.2478830250854609
svm,contrast,0.9,0.1,0.01818181818181818,0.7661,0.8470488547781562
svm,contrast,0.7,0.1,0.01818181818181818,0.7661,0.8470488547781562
svm,contrast,0.5,0.1,0.01818181818181818,0.7661,0.8470488547781562
svm,contrast,0.3,0.1,0.01818181818181818,0.7661,0.8470488547781562
svm,contrast,0.15,0.1,0.01818181818181818,0.7661,0.8470488547781562
svm,brightness,0.3,0.4968,0.4400576049843162,0.36929999999999996,0.4251730679756582
svm,brightness,0.5,0.7573,0.7507917074115659,0.10880000000000001,0.11443896554840849
svm,brightness,0.7,0.8424,0.841995373409954,0.023699999999999943,0.02323529955002035
svm,brightness,1.3,0.8559,0.8546014750156153,0.010199999999999987,0.010629197944359015
svm,brightness,1.6,0.8427,0.841395422016187,0.023399999999999976,0.023835250943787356
svm,occlusion,4.0,0.8479,0.8429203401691854,0.018199999999999994,0.022310332790788978
svm,occlusion,6.0,0.7802,0.7700928849930401,0.08589999999999998,0.09513778796693428
svm,occlusion,8.0,0.7008,0.6817777913647285,0.1653,0.18345288159524586
svm,occlusion,10.0,0.6651,0.638289775700646,0.20099999999999996,0.2269408972593283
svm,occlusion,14.0,0.647,0.6313846328760548,0.21909999999999996,0.23384604008391952
mlp,clean,0.0,0.863,0.8595461579217453,0.0,0.0
mlp,noise,0.05,0.8623,0.8588619128510626,0.0007000000000000339,0.0006842450706826542
mlp,noise,0.1,0.8568,0.8536838756504423,0.006199999999999983,0.005862282271302921
mlp,noise,0.15,0.8471,0.8436115576769261,0.015900000000000025,0.015934600244819186
mlp,noise,0.2,0.8248,0.8209706075164476,0.03820000000000001,0.0385755504052977
mlp,noise,0.3,0.73,0.7266315191142054,0.133,0.13291463880753984
mlp,rotation,5.0,0.8223,0.8154976377180441,0.04069999999999996,0.0440485202037012
mlp,rotation,10.0,0.6962,0.6777506630362279,0.16679999999999995,0.18179549488551738
mlp,rotation,20.0,0.484,0.4605445872182628,0.379,0.39900157070348247
mlp,rotation,30.0,0.326,0.27935957369095715,0.5369999999999999,0.5801865842307881
mlp,rotation,45.0,0.2121,0.15231075910365952,0.6509,0.7072353988180857
mlp,blur,3.0,0.8338,0.8189172210523307,0.029200000000000004,0.0406289368694146
mlp,blur,5.0,0.8156,0.7933980609898453,0.0474,0.06614809693189994
mlp,blur,7.0,0.7891,0.7596001665265579,0.07389999999999997,0.09994599139518734
mlp,blur,9.0,0.7591,0.7289688577952632,0.10389999999999999,0.13057730012648205
mlp,contrast,0.9,0.8577,0.8544570554544062,0.005299999999999971,0.005089102467339068
mlp,contrast,0.7,0.6029,0.5970548852499452,0.2601,0.26249127267180006
mlp,contrast,0.5,0.2107,0.16813360457961601,0.6523,0.6914125533421293
mlp,contrast,0.3,0.1002,0.018584326164909678,0.7628,0.8409618317568356
mlp,contrast,0.15,0.1,0.01818181818181818,0.763,0.8413643397399271
mlp,brightness,0.3,0.8201,0.8179535836397355,0.04289999999999994,0.0415925742820098
mlp,brightness,0.5,0.8565,0.8553515726036723,0.00649999999999995,0.00419458531807293
mlp,brightness,0.7,0.8643,0.8619555724934849,-0.0012999999999999678,-0.0024094145717395987
mlp,brightness,1.3,0.8609,0.8569075503896173,0.0020999999999999908,0.002638607532127968
mlp,brightness,1.6,0.8597,0.8552670145474579,0.0032999999999999696,0.004279143374287364
mlp,occlusion,4.0,0.8542,0.8520548351310087,0.00880000000000003,0.00749132279073661
mlp,occlusion,6.0,0.779,0.7771056345140281,0.08399999999999996,0.08244052340771713
mlp,occlusion,8.0,0.6834,0.660867624057984,0.17959999999999998,0.19867853386376122
mlp,occlusion,10.0,0.6519,0.6154434902930914,0.21109999999999995,0.24410266762865385
mlp,occlusion,14.0,0.6005,0.5501257109876303,0.26249999999999996,0.30942044693411497
cnn,clean,0.0,0.8964,0.8940960985950381,0.0,0.0
cnn,noise,0.05,0.8885,0.8877323997491363,0.007900000000000018,0.006363698845901822
cnn,noise,0.1,0.8647,0.8653709272549712,0.03169999999999995,0.028725171340066913
cnn,noise,0.15,0.8192,0.8185421564786409,0.07719999999999994,0.07555394211639721
cnn,noise,0.2,0.7513,0.7473892894309557,0.1451,0.1467068091640824
cnn,noise,0.3,0.5167,0.501705380156552,0.3796999999999999,0.39239071843848616
cnn,rotation,5.0,0.877,0.8718298422862036,0.019399999999999973,0.022266256308834498
cnn,rotation,10.0,0.847,0.8395320264557176,0.0494,0.054564072139320574
cnn,rotation,20.0,0.6241,0.6205934249071251,0.2723,0.27350267368791303
cnn,rotation,30.0,0.3628,0.31407032104098925,0.5336,0.5800257775540489
cnn,rotation,45.0,0.2179,0.17442432625548382,0.6785,0.7196717723395543
cnn,blur,3.0,0.8489,0.8376144022893455,0.04749999999999999,0.056481696305692664
cnn,blur,5.0,0.7997,0.779497387563358,0.09670000000000001,0.11459871103168018
cnn,blur,7.0,0.7157,0.6772885915891955,0.18069999999999997,0.21680750700584261
cnn,blur,9.0,0.6551,0.6025513003476414,0.24129999999999996,0.29154479824739676
cnn,contrast,0.9,0.8903,0.8882572284041264,0.006099999999999994,0.005838870190911782
cnn,contrast,0.7,0.8478,0.8450038956148849,0.04859999999999998,0.049092202980153266
cnn,contrast,0.5,0.785,0.7757967402179591,0.11139999999999994,0.11829935837707906
cnn,contrast,0.3,0.6414,0.5903500061423212,0.255,0.3037460924527169
cnn,contrast,0.15,0.4223,0.3266952197973233,0.47409999999999997,0.5674008787977148
cnn,brightness,0.3,0.8147,0.7997437861748046,0.0817,0.09435231242023356
cnn,brightness,0.5,0.8719,0.8677423831283557,0.024499999999999966,0.026353715466682415
cnn,brightness,0.7,0.8906,0.8878286479186268,0.005800000000000027,0.006267450676411324
cnn,brightness,1.3,0.8893,0.8867344117351775,0.007099999999999995,0.0073616868598606056
cnn,brightness,1.6,0.8832,0.8801153217241582,0.01319999999999999,0.013980776870879952
cnn,occlusion,4.0,0.8222,0.8163320368651007,0.07419999999999993,0.07776406172993744
cnn,occlusion,6.0,0.6479,0.6113593521275862,0.24849999999999994,0.28273674646745195
cnn,occlusion,8.0,0.6184,0.574322675696533,0.278,0.3197734228985052
cnn,occlusion,10.0,0.5768,0.5241853418675226,0.3196,0.3699107567275155
cnn,occlusion,14.0,0.5048,0.43474340134371003,0.39159999999999995,0.4593526972513281
